Salesforce,Salesforce Marketing Cloud is a leading 1:1 digital marketing platform.,https://content.linkedin.com/content/dam/business/marketing-solutions/global/en_US/site/Partners%20Page/Logos/salesforce-logo-100.png
Adobe,Adobe Social transforms social data into actionable insights.,https://content.linkedin.com/content/dam/business/marketing-solutions/global/en_US/site/Partners%20Page/Logos/adobe.jpg
Buffer,Buffer is the easiest way to publish on social media,https://content.linkedin.com/content/dam/business/marketing-solutions/global/en_US/site/Partners%20Page/Logos/buffer.png
Sprout,Powering social business and communication for brands and agencies.,https://content.linkedin.com/content/dam/business/marketing-solutions/global/en_US/site/Partners%20Page/Logos/sprout-social-logo.png
Sprinklr,Helping enterprise brands manage customer experiences at every social touchpoint.,https://content.linkedin.com/content/dam/business/marketing-solutions/global/en_US/site/Partners%20Page/Logos/sprinklr-179.jpg
Percolate,Helping the world's best brands effectively scale their content marketing.
,https://content.linkedin.com/content/dam/business/marketing-solutions/global/en_US/site/Partners%20Page/Logos/percolate.jpg
HootSuite,Empowering organizations to execute business strategies for the social media era.,https://content.linkedin.com/content/dam/business/marketing-solutions/global/en_US/site/Partners%20Page/Logos/hootsuite.jpg
Oracle,Oracle Social Cloud empowers brands to reach and respond to every social interaction globally.,https://content.linkedin.com/content/dam/business/marketing-solutions/global/en_US/site/Partners%20Page/Logos/oracle.png
Spreadfast,A social relationship platform for engaging audiences and activating customers.,https://content.linkedin.com/content/dam/business/marketing-solutions/global/en_US/site/Partners%20Page/Logos/spredfast.jpg
Hubspot,Helping brands attract visitors, convert leads, and close accounts.,https://content.linkedin.com/content/dam/business/marketing-solutions/global/en_US/site/Partners%20Page/Logos/hubspot.jpg
