Go to Percolate,Helping the world's best brands effectively scale their content marketing.,Certified Content Partners,https://content.linkedin.com/content/dam/business/marketing-solutions/global/en_US/site/Partners%20Page/Logos/percolate.jpg
Go to Group SJR,Creators and developers of digital content that helps brands cultivate audiences.,Certified Content Partners,https://content.linkedin.com/content/dam/business/marketing-solutions/global/en_US/site/Partners%20Page/Logos/groupsjr.jpg
Go to The Atlantic,A multimedia “must-read” that captivates the nation and influences culture.,Certified Content Partners,https://content.linkedin.com/content/dam/business/marketing-solutions/global/en_US/site/Partners%20Page/Logos/atlantic.jpg
Go to King Content,Helping global brands drive local results through content marketing. ,Certified Content Partners,https://content.linkedin.com/content/dam/business/marketing-solutions/global/en_US/site/Partners%20Page/Logos/king-content.jpg
Go to FH Content Works,Providing engaging premium storytelling content that drives consumer advocacy.,Certified Content Partners,https://content.linkedin.com/content/dam/business/marketing-solutions/global/en_US/site/Partners%20Page/Logos/fleishmanhillard-logo.jpg
Go to Visually,"Creators of engaging, beautiful content quickly, simply, and affordably.",Certified Content Partners,https://content.linkedin.com/content/dam/business/marketing-solutions/global/en_US/site/Partners%20Page/Logos/visually-logo-bw-185x57.png
Go to CBSi,A premier content network producing fresh and relevant content.,Certified Content Partners,https://content.linkedin.com/content/dam/business/marketing-solutions/global/en_US/site/Partners%20Page/Logos/cbsi.jpg
Go to IDG,Creating thought leadership through premium tech content and research.,Certified Content Partners,https://content.linkedin.com/content/dam/business/marketing-solutions/global/en_US/site/Partners%20Page/Logos/idg.jpg
Go to Bloomberg,"Connecting decision-makers to information, people, and fresh ideas.",Certified Content Partners,https://content.linkedin.com/content/dam/business/marketing-solutions/global/en_US/site/Partners%20Page/Logos/bloomberg.jpg
Go to Contently,Arming brands with the tools and talent needed to create great content.,Certified Content Partners,https://content.linkedin.com/content/dam/business/marketing-solutions/global/en_US/site/Partners%20Page/Logos/contently.jpg
Go to NewsCred,End-to-end content marketing software for the world's most influential brands.,Certified Content Partners,https://content.linkedin.com/content/dam/business/marketing-solutions/global/en_US/site/Partners%20Page/Logos/newscred-new.jpg
Go to Atlantic Media Strategies,Applying the lessons and analytics of leading media brands to produce smart content.,Certified Content Partners,https://content.linkedin.com/content/dam/business/marketing-solutions/global/en_US/site/Partners%20Page/Logos/ams.jpg
Unified Social,"An award-winning, cloud marketing technology company.",Certified Ads Partners,https://content.linkedin.com/content/dam/business/marketing-solutions/global/en_US/site/Partners%20Page/Logos/unified-179.png
Salesforce,Salesforce Marketing Cloud is a leading 1:1 digital marketing platform.,Certified Ads Partners,https://content.linkedin.com/content/dam/business/marketing-solutions/global/en_US/site/Partners%20Page/Logos/sfdc-179.png
Adobe,Adobe Social transforms social data into actionable insights.,Certified Ads Partners,https://content.linkedin.com/content/dam/business/marketing-solutions/global/en_US/site/Partners%20Page/Logos/adobe-179.png
Brand Networks,The only relevance-powered social marketing platform.,Certified Ads Partners,https://content.linkedin.com/content/dam/business/marketing-solutions/global/en_US/site/Partners%20Page/Logos/brandnetworks-179.png
4C Insights,"A leading social intelligence SaaS platform, powering advanced marketers across the globe.",Certified Ads Partners,https://content.linkedin.com/content/dam/business/marketing-solutions/global/en_US/site/Partners%20Page/Logos/4C-bw-logo-v2.jpg
AdStage,"All-in-one campaign management platform for social, search, mobile and display.",Certified Ads Partners,https://content.linkedin.com/content/dam/business/marketing-solutions/global/en_US/site/Partners%20Page/Logos/adstage.png
Hubspot,"Helping brands attract visitors, convert leads, and close accounts.",Certified Ads Partners,https://content.linkedin.com/content/dam/business/marketing-solutions/global/en_US/site/img/Logos/Black/hubspot-logo-v2.png
Sprinklr,Helping enterprise brands manage customer experiences at every social touchpoint.,Certified Ads Partners,https://content.linkedin.com/content/dam/business/marketing-solutions/global/en_US/site/Partners%20Page/Logos/sprinklr-179.jpg
Avature,None given, Talent Solutions Partner,https://content.linkedin.com/content/dam/business/talent-solutions/global/en_us/site/img/customers-assets/logos/black/avature.png
Bond,None given, Talent Solutions Partner,https://content.linkedin.com/content/dam/business/talent-solutions/global/en_us/site/img/customers-assets/logos/black/bond.png
Bullhorn,None given, Talent Solutions Partner,https://content.linkedin.com/content/dam/business/talent-solutions/global/en_us/site/img/customers-assets/logos/black/bullhorn.png
Greenhouse,None given, Talent Solutions Partner,https://content.linkedin.com/content/dam/business/talent-solutions/global/en_us/site/img/customers-assets/logos/black/greenhouse.png
HireVue,None given, Talent Solutions Partner,https://content.linkedin.com/content/dam/business/talent-solutions/global/en_us/site/img/customers-assets/logos/black/hire-vue.png
iCIMS,None given, Talent Solutions Partner,https://content.linkedin.com/content/dam/business/talent-solutions/global/en_us/site/img/customers-assets/logos/black/icims.png
Infor,None given, Talent Solutions Partner,https://content.linkedin.com/content/dam/business/talent-solutions/global/en_us/site/img/customers-assets/logos/black/infor.png
Jazz,None given, Talent Solutions Partner,https://content.linkedin.com/content/dam/business/talent-solutions/global/en_us/site/img/customers-assets/logos/black/jazz-v2.png
JobScience,None given, Talent Solutions Partner,https://content.linkedin.com/content/dam/business/talent-solutions/global/en_us/site/img/customers-assets/logos/black/job-science.png
Jobvite,None given, Talent Solutions Partner,https://content.linkedin.com/content/dam/business/talent-solutions/global/en_us/site/img/customers-assets/logos/black/jobvite.png
Oracle,None given, Talent Solutions Partner,https://content.linkedin.com/content/dam/business/talent-solutions/global/en_us/site/img/customers-assets/logos/black/oracle-v2.png
PageUp,None given, Talent Solutions Partner,https://content.linkedin.com/content/dam/business/talent-solutions/global/en_us/site/img/customers-assets/logos/black/page-up.png
PeopleFluent,None given, Talent Solutions Partner,https://content.linkedin.com/content/dam/business/talent-solutions/global/en_us/site/img/customers-assets/logos/black/people-fluent.png
Ultimate,None given, Talent Solutions Partner,https://content.linkedin.com/content/dam/business/talent-solutions/global/en_us/site/img/customers-assets/logos/black/ultimate.png
Workable,None given, Talent Solutions Partner,https://content.linkedin.com/content/dam/business/talent-solutions/global/en_us/site/img/customers-assets/logos/black/workable.png
ZipRecruiter,None given, Talent Solutions Partner,https://content.linkedin.com/content/dam/business/talent-solutions/global/en_us/site/img/customers-assets/logos/black/zip.png
SmartRecruiters,"SmartRecruiters is the only collaborative hiring platform with everything companies need to attract, engage and hire top talent.",Talent Solutions Partner,https://content.linkedin.com/content/dam/business/talent-solutions/global/en_us/resources/logo/smart-recruiters-logo-2.jpg
ADP,ADP provides comprehensive human capital management software and services for businesses of all size,Talent Solutions Partner,https://content.linkedin.com/content/dam/business/talent-solutions/global/en_us/resources/logo/adp-logo.gif
Lumesse,Lumesse leads the way in adaptive recruitment and talent management solutions.,Talent Solutions Partner,https://content.linkedin.com/content/dam/business/talent-solutions/global/en_us/resources/logo/lumesse-logo.png
workday,Workday Recruiting is changing how businesses hire – fostering collaboration and making recruiting simpler.,Talent Solutions Partner,https://content.linkedin.com/content/dam/business/talent-solutions/global/en_us/resources/logo/workday-logo.png
Kenexa,"Applying workforce science, analytics, and collaboration tools to build a smarter workforce.",Talent Solutions Partner,https://content.linkedin.com/content/dam/business/talent-solutions/global/en_us/resources/logo/imb-kenexa.png
Lever,"At last, collaborative recruiting software that your entire team & your candidates will love. Make hiring more human with Lever.",Talent Solutions Partner,https://content.linkedin.com/content/dam/business/talent-solutions/global/en_us/resources/logo/lever-logo.png
Go to Smarsh,Providing a cloud archiving platform built for supervision and eDiscovery.,Certified Compliance Partners,https://content.linkedin.com/content/dam/business/marketing-solutions/global/en_US/site/Partners%20Page/Logos/smarsh.jpg
Go to Social SafeGuard,"Compliance, risk management, archiving, and policy enforcement for regulated industries.",Certified Compliance Partners,https://content.linkedin.com/content/dam/business/marketing-solutions/global/en_US/site/Partners%20Page/Logos/SocialSafeGuardLogo-horizontal%20black%20and%20white%20fw.png
Go to Socialware,Solutions for regulated firms to build relationships and business on social. ,Certified Compliance Partners,https://content.linkedin.com/content/dam/business/marketing-solutions/global/en_US/site/Partners%20Page/Logos/socialware-partners-logo169x63.png
Go to SunGard,SunGard is one of the world’s leading software and technology services companies.,Certified Compliance Partners,https://content.linkedin.com/content/dam/business/marketing-solutions/global/en_US/site/Partners%20Page/Logos/sungard.png
Go to Global Relay,"Compliant cloud-based messaging, archiving and eDiscovery solutions. ",Certified Compliance Partners,https://content.linkedin.com/content/dam/business/marketing-solutions/global/en_US/site/Partners%20Page/Logos/globalrelay.jpg
Go to Nexgate,"Nexgate provides cloud-based brand protection, security, and compliance for enterprise social media accounts.",Certified Compliance Partners,https://content.linkedin.com/content/dam/business/marketing-solutions/global/en_US/site/Partners%20Page/Logos/nexgate-logo.png
Go to Hearsay,A leader in social business for the financial services industry.,Certified Compliance Partners,https://content.linkedin.com/content/dam/business/marketing-solutions/global/en_US/site/Partners%20Page/Logos/hearsay-logo-new.jpg
Go to Actiance,"Control, monitor, capture and archive all your enterprise communications.",Certified Compliance Partners,https://content.linkedin.com/content/dam/business/marketing-solutions/global/en_US/site/Partners%20Page/Logos/actiance.jpg
Go to Erado,Delivering an integrated compliance and marketing platform worldwide.,Certified Compliance Partners,https://content.linkedin.com/content/dam/business/marketing-solutions/global/en_US/site/Partners%20Page/Logos/erado.jpg
Go to Oracle,Oracle Social Cloud empowers brands to reach and respond to every social interaction globally.,Certified Company Page Partners,https://content.linkedin.com/content/dam/business/marketing-solutions/global/en_US/site/Partners%20Page/Logos/oracle.png
Go to Salesforce,Salesforce Marketing Cloud is a leading 1:1 digital marketing platform.,Certified Company Page Partners,https://content.linkedin.com/content/dam/business/marketing-solutions/global/en_US/site/Partners%20Page/Logos/salesforce-logo-100.png
Go to Percolate,Helping the world's best brands effectively scale their content marketing.,Certified Company Page Partners,https://content.linkedin.com/content/dam/business/marketing-solutions/global/en_US/site/Partners%20Page/Logos/percolate.jpg
Go to Adobe,Adobe Social transforms social data into actionable insights.,Certified Company Page Partners,https://content.linkedin.com/content/dam/business/marketing-solutions/global/en_US/site/Partners%20Page/Logos/adobe.jpg
Go to Hubspot,"Helping brands attract visitors, convert leads, and close accounts.",Certified Company Page Partners,https://content.linkedin.com/content/dam/business/marketing-solutions/global/en_US/site/Partners%20Page/Logos/hubspot.jpg
Go to HootSuite,Empowering organizations to execute business strategies for the social media era.,Certified Company Page Partners,https://content.linkedin.com/content/dam/business/marketing-solutions/global/en_US/site/Partners%20Page/Logos/hootsuite.jpg
Go to Spreadfast,A social relationship platform for engaging audiences and activating customers.,Certified Company Page Partners,https://content.linkedin.com/content/dam/business/marketing-solutions/global/en_US/site/Partners%20Page/Logos/spredfast.jpg
Go to Sprinklr,Helping enterprise brands manage customer experiences at every social touchpoint.,Certified Company Page Partners,https://content.linkedin.com/content/dam/business/marketing-solutions/global/en_US/site/Partners%20Page/Logos/sprinklr-179.jpg
Go to Sprout Social,Powering social business and communication for brands and agencies.,Certified Company Page Partners,https://content.linkedin.com/content/dam/business/marketing-solutions/global/en_US/site/Partners%20Page/Logos/sprout-social-logo.png
Go to Buffer,Buffer is the easiest way to publish on social media,Certified Company Page Partners,https://content.linkedin.com/content/dam/business/marketing-solutions/global/en_US/site/Partners%20Page/Logos/buffer.png
Go to Friend2Friend,A leader in delivering brand campaigns and social engagement solutions.,Certified Custom Apps Partners,https://content.linkedin.com/content/dam/business/marketing-solutions/global/en_US/site/Partners%20Page/Logos/friend2friend.jpg
Go to 22Feet,"Driving digital solutions across technology, content, commerce and campaigns.",Certified Custom Apps Partners,https://content.linkedin.com/content/dam/business/marketing-solutions/global/en_US/site/Partners%20Page/Logos/22feet.jpg
Go to Digitas LBi,Transforms businesses for the digital age by connecting data with storytelling.,Certified Custom Apps Partners,https://content.linkedin.com/content/dam/business/marketing-solutions/global/en_US/site/Partners%20Page/Logos/digitas-lbi.jpg
Go to Brainsonic,Specializing in social media integration for B2B clients worldwide.,Certified Custom Apps Partners,https://content.linkedin.com/content/dam/business/marketing-solutions/global/en_US/site/Partners%20Page/Logos/brainsonic.jpg
Go to Vertic,An advertising agency that continues to innovate and redefine the digital space.,Certified Custom Apps Partners,https://content.linkedin.com/content/dam/business/marketing-solutions/global/en_US/site/Partners%20Page/Logos/vertic.jpg
Go to Ensemble,Beautifully efficient creative.,Certified Custom Apps Partners,https://content.linkedin.com/content/dam/business/marketing-solutions/global/en_US/site/Partners%20Page/Logos/ensemble.png
Go to Brand Networks,The only relevance-powered social marketing platform.,Certified Custom Apps Partners,https://content.linkedin.com/content/dam/business/marketing-solutions/global/en_US/site/Partners%20Page/Logos/brandnetworks-logo-169.png
Go to POSSIBLE,Creative agency with world-class brands that cares about results.,Certified Custom Apps Partners,https://content.linkedin.com/content/dam/business/marketing-solutions/global/en_US/site/Partners%20Page/Logos/possible.jpg
