Avature,None given, Talent Solutions Partner,https://content.linkedin.com/content/dam/business/talent-solutions/global/en_us/site/img/customers-assets/logos/black/avature.png
Bond,None given, Talent Solutions Partner,https://content.linkedin.com/content/dam/business/talent-solutions/global/en_us/site/img/customers-assets/logos/black/bond.png
Bullhorn,None given, Talent Solutions Partner,https://content.linkedin.com/content/dam/business/talent-solutions/global/en_us/site/img/customers-assets/logos/black/bullhorn.png
Greenhouse,None given, Talent Solutions Partner,https://content.linkedin.com/content/dam/business/talent-solutions/global/en_us/site/img/customers-assets/logos/black/greenhouse.png
HireVue,None given, Talent Solutions Partner,https://content.linkedin.com/content/dam/business/talent-solutions/global/en_us/site/img/customers-assets/logos/black/hire-vue.png
iCIMS,None given, Talent Solutions Partner,https://content.linkedin.com/content/dam/business/talent-solutions/global/en_us/site/img/customers-assets/logos/black/icims.png
Infor,None given, Talent Solutions Partner,https://content.linkedin.com/content/dam/business/talent-solutions/global/en_us/site/img/customers-assets/logos/black/infor.png
Jazz,None given, Talent Solutions Partner,https://content.linkedin.com/content/dam/business/talent-solutions/global/en_us/site/img/customers-assets/logos/black/jazz-v2.png
JobScience,None given, Talent Solutions Partner,https://content.linkedin.com/content/dam/business/talent-solutions/global/en_us/site/img/customers-assets/logos/black/job-science.png
Jobvite,None given, Talent Solutions Partner,https://content.linkedin.com/content/dam/business/talent-solutions/global/en_us/site/img/customers-assets/logos/black/jobvite.png
Oracle,None given, Talent Solutions Partner,https://content.linkedin.com/content/dam/business/talent-solutions/global/en_us/site/img/customers-assets/logos/black/oracle-v2.png
PageUp,None given, Talent Solutions Partner,https://content.linkedin.com/content/dam/business/talent-solutions/global/en_us/site/img/customers-assets/logos/black/page-up.png
PeopleFluent,None given, Talent Solutions Partner,https://content.linkedin.com/content/dam/business/talent-solutions/global/en_us/site/img/customers-assets/logos/black/people-fluent.png
Ultimate,None given, Talent Solutions Partner,https://content.linkedin.com/content/dam/business/talent-solutions/global/en_us/site/img/customers-assets/logos/black/ultimate.png
Workable,None given, Talent Solutions Partner,https://content.linkedin.com/content/dam/business/talent-solutions/global/en_us/site/img/customers-assets/logos/black/workable.png
ZipRecruiter,None given, Talent Solutions Partner,https://content.linkedin.com/content/dam/business/talent-solutions/global/en_us/site/img/customers-assets/logos/black/zip.png
SmartRecruiters,"SmartRecruiters is the only collaborative hiring platform with everything companies need to attract, engage and hire top talent.",Talent Solutions Partner,https://content.linkedin.com/content/dam/business/talent-solutions/global/en_us/resources/logo/smart-recruiters-logo-2.jpg
ADP,ADP provides comprehensive human capital management software and services for businesses of all size,Talent Solutions Partner,https://content.linkedin.com/content/dam/business/talent-solutions/global/en_us/resources/logo/adp-logo.gif
Lumesse,Lumesse leads the way in adaptive recruitment and talent management solutions.,Talent Solutions Partner,https://content.linkedin.com/content/dam/business/talent-solutions/global/en_us/resources/logo/lumesse-logo.png
workday,Workday Recruiting is changing how businesses hire – fostering collaboration and making recruiting simpler.,Talent Solutions Partner,https://content.linkedin.com/content/dam/business/talent-solutions/global/en_us/resources/logo/workday-logo.png
Kenexa,"Applying workforce science, analytics, and collaboration tools to build a smarter workforce.",Talent Solutions Partner,https://content.linkedin.com/content/dam/business/talent-solutions/global/en_us/resources/logo/imb-kenexa.png
Lever,"At last, collaborative recruiting software that your entire team & your candidates will love. Make hiring more human with Lever.",Talent Solutions Partner,https://content.linkedin.com/content/dam/business/talent-solutions/global/en_us/resources/logo/lever-logo.png
Friend2Friend,A leader in delivering brand campaigns and social engagement solutions.,Certified Custom Apps Partners,https://content.linkedin.com/content/dam/business/marketing-solutions/global/en_US/site/Partners%20Page/Logos/friend2friend.jpg
Digitas,Transforms businesses for the digital age by connecting data with storytelling.,Certified Custom Apps Partners,https://content.linkedin.com/content/dam/business/marketing-solutions/global/en_US/site/Partners%20Page/Logos/digitas-lbi.jpg
Brand,The only relevance-powered social marketing platform.,Certified Custom Apps Partners,https://content.linkedin.com/content/dam/business/marketing-solutions/global/en_US/site/Partners%20Page/Logos/brandnetworks-logo-169.png
POSSIBLE,Creative agency with world-class brands that cares about results.,Certified Custom Apps Partners,https://content.linkedin.com/content/dam/business/marketing-solutions/global/en_US/site/Partners%20Page/Logos/possible.jpg
22Feet,"Driving digital solutions across technology, content, commerce and campaigns.",Certified Custom Apps Partners,https://content.linkedin.com/content/dam/business/marketing-solutions/global/en_US/site/Partners%20Page/Logos/22feet.jpg
Brainsonic,Specializing in social media integration for B2B clients worldwide.,Certified Custom Apps Partners,https://content.linkedin.com/content/dam/business/marketing-solutions/global/en_US/site/Partners%20Page/Logos/brainsonic.jpg
Vertic,An advertising agency that continues to innovate and redefine the digital space.,Certified Custom Apps Partners,https://content.linkedin.com/content/dam/business/marketing-solutions/global/en_US/site/Partners%20Page/Logos/vertic.jpg
Ensemble,Beautifully efficient creative.,Certified Custom Apps Partners,https://content.linkedin.com/content/dam/business/marketing-solutions/global/en_US/site/Partners%20Page/Logos/ensemble.png
NewsCred,End-to-end content marketing software for the world's most influential brands.,Certified Content Partners,https://content.linkedin.com/content/dam/business/marketing-solutions/global/en_US/site/Partners%20Page/Logos/newscred-new.jpg
Group,Creators and developers of digital content that helps brands cultivate audiences.,Certified Content Partners,https://content.linkedin.com/content/dam/business/marketing-solutions/global/en_US/site/Partners%20Page/Logos/groupsjr.jpg
Bloomberg,"Connecting decision-makers to information, people, and fresh ideas.",Certified Content Partners,https://content.linkedin.com/content/dam/business/marketing-solutions/global/en_US/site/Partners%20Page/Logos/bloomberg.jpg
Visually,"Creators of engaging, beautiful content quickly, simply, and affordably.",Certified Content Partners,https://content.linkedin.com/content/dam/business/marketing-solutions/global/en_US/site/Partners%20Page/Logos/visually-logo-bw-185x57.png
King,Helping global brands drive local results through content marketing. ,Certified Content Partners,https://content.linkedin.com/content/dam/business/marketing-solutions/global/en_US/site/Partners%20Page/Logos/king-content.jpg
Contently,Arming brands with the tools and talent needed to create great content.,Certified Content Partners,https://content.linkedin.com/content/dam/business/marketing-solutions/global/en_US/site/Partners%20Page/Logos/contently.jpg
Atlantic,Applying the lessons and analytics of leading media brands to produce smart content.,Certified Content Partners,https://content.linkedin.com/content/dam/business/marketing-solutions/global/en_US/site/Partners%20Page/Logos/ams.jpg
Percolate,Helping the world's best brands effectively scale their content marketing.,Certified Content Partners,https://content.linkedin.com/content/dam/business/marketing-solutions/global/en_US/site/Partners%20Page/Logos/percolate.jpg
FH,Providing engaging premium storytelling content that drives consumer advocacy.,Certified Content Partners,https://content.linkedin.com/content/dam/business/marketing-solutions/global/en_US/site/Partners%20Page/Logos/fleishmanhillard-logo.jpg
IDG,Creating thought leadership through premium tech content and research.,Certified Content Partners,https://content.linkedin.com/content/dam/business/marketing-solutions/global/en_US/site/Partners%20Page/Logos/idg.jpg
The,A multimedia “must-read” that captivates the nation and influences culture.,Certified Content Partners,https://content.linkedin.com/content/dam/business/marketing-solutions/global/en_US/site/Partners%20Page/Logos/atlantic.jpg
CBSi,A premier content network producing fresh and relevant content.,Certified Content Partners,https://content.linkedin.com/content/dam/business/marketing-solutions/global/en_US/site/Partners%20Page/Logos/cbsi.jpg
Salesforce,Salesforce Marketing Cloud is a leading 1:1 digital marketing platform.,Certified Company Page Partners,https://content.linkedin.com/content/dam/business/marketing-solutions/global/en_US/site/Partners%20Page/Logos/salesforce-logo-100.png
Adobe,Adobe Social transforms social data into actionable insights.,Certified Company Page Partners,https://content.linkedin.com/content/dam/business/marketing-solutions/global/en_US/site/Partners%20Page/Logos/adobe.jpg
Buffer,Buffer is the easiest way to publish on social media,Certified Company Page Partners,https://content.linkedin.com/content/dam/business/marketing-solutions/global/en_US/site/Partners%20Page/Logos/buffer.png
Sprout,Powering social business and communication for brands and agencies.,Certified Company Page Partners,https://content.linkedin.com/content/dam/business/marketing-solutions/global/en_US/site/Partners%20Page/Logos/sprout-social-logo.png
Sprinklr,Helping enterprise brands manage customer experiences at every social touchpoint.,Certified Company Page Partners,https://content.linkedin.com/content/dam/business/marketing-solutions/global/en_US/site/Partners%20Page/Logos/sprinklr-179.jpg
Percolate,"Helping the world's best brands effectively scale their content marketing.
",Certified Company Page Partners,https://content.linkedin.com/content/dam/business/marketing-solutions/global/en_US/site/Partners%20Page/Logos/percolate.jpg
HootSuite,Empowering organizations to execute business strategies for the social media era.,Certified Company Page Partners,https://content.linkedin.com/content/dam/business/marketing-solutions/global/en_US/site/Partners%20Page/Logos/hootsuite.jpg
Oracle,Oracle Social Cloud empowers brands to reach and respond to every social interaction globally.,Certified Company Page Partners,https://content.linkedin.com/content/dam/business/marketing-solutions/global/en_US/site/Partners%20Page/Logos/oracle.png
Spreadfast,A social relationship platform for engaging audiences and activating customers.,Certified Company Page Partners,https://content.linkedin.com/content/dam/business/marketing-solutions/global/en_US/site/Partners%20Page/Logos/spredfast.jpg
Hubspot,"Helping brands attract visitors, convert leads, and close accounts.",Certified Company Page Partners,https://content.linkedin.com/content/dam/business/marketing-solutions/global/en_US/site/Partners%20Page/Logos/hubspot.jpg
Socialware,Solutions for regulated firms to build relationships and business on social. ,Certified Compliance Partners,https://content.linkedin.com/content/dam/business/marketing-solutions/global/en_US/site/Partners%20Page/Logos/socialware-partners-logo169x63.png
Hearsay,A leader in social business for the financial services industry.,Certified Compliance Partners,https://content.linkedin.com/content/dam/business/marketing-solutions/global/en_US/site/Partners%20Page/Logos/hearsay-logo-new.jpg
SunGard,SunGard is one of the world’s leading software and technology services companies.,Certified Compliance Partners,https://content.linkedin.com/content/dam/business/marketing-solutions/global/en_US/site/Partners%20Page/Logos/sungard.png
Global,"Compliant cloud-based messaging, archiving and eDiscovery solutions. ",Certified Compliance Partners,https://content.linkedin.com/content/dam/business/marketing-solutions/global/en_US/site/Partners%20Page/Logos/globalrelay.jpg
Nexgate,"Nexgate provides cloud-based brand protection, security, and compliance for enterprise social media accounts.",Certified Compliance Partners,https://content.linkedin.com/content/dam/business/marketing-solutions/global/en_US/site/Partners%20Page/Logos/nexgate-logo.png
Actiance,"Control, monitor, capture and archive all your enterprise communications.",Certified Compliance Partners,https://content.linkedin.com/content/dam/business/marketing-solutions/global/en_US/site/Partners%20Page/Logos/actiance.jpg
Social,"Compliance, risk management, archiving, and policy enforcement for regulated industries.",Certified Compliance Partners,https://content.linkedin.com/content/dam/business/marketing-solutions/global/en_US/site/Partners%20Page/Logos/SocialSafeGuardLogo-horizontal%20black%20and%20white%20fw.png
Erado,Delivering an integrated compliance and marketing platform worldwide.,Certified Compliance Partners,https://content.linkedin.com/content/dam/business/marketing-solutions/global/en_US/site/Partners%20Page/Logos/erado.jpg
Smarsh,Providing a cloud archiving platform built for supervision and eDiscovery.,Certified Compliance Partners,https://content.linkedin.com/content/dam/business/marketing-solutions/global/en_US/site/Partners%20Page/Logos/smarsh.jpg
